{"timestamps": [0.0], "vials": {"vial_1": [{"segment": 1, "volumes": [[0.1280517578125, 0.1510009765625, 0.349609375, 0.414306640625, 0.779296875]]}, {"segment": 2, "volumes": [[0.137939453125, 0.125, 0.424560546875, 0.40673828125, 0.77783203125]]}, {"segment": 3, "volumes": [[0.84765625, 0.1256103515625, 0.3310546875, 0.54052734375, 0.0]]}]}, "is_image": true}